アイヌ系,0
合いの子,1
青姦,1
アカ,1
明盲,1
足切り,1
足を洗う,1
当て馬,1
アメ公,1
あらめん,1
アル中,1
按摩,1
家柄,1
イカサマ,1
躄,1
伊勢乞食,1
イタ公,1
板前,1
いちゃもん,1
田舎,1
犬殺し,1
移民,1
イモ,1
インチキ,1
インディアン嘘つかない,1
淫売,1
裏日本,1
うんこ,1
運ちゃん,1
エスキモー,1
穢多,1
越後の米つき,1
エチゼンクラゲ,1
エディター,1
ＯＬ,1
オールドミス,1
オカマ,1
沖仲仕,1
唖,1
落人部落,1
落ちこぼれ,1
落とし前,1
溺れ死ぬ,1
お巡り,1
表日本,1
親方,1
おわい屋,1
女子供,1
女の腐ったような,1
隠坊,1
外人,1
蛙の子は蛙,1
ガキ,1
確信犯,1
拡張員,1
拡張団,1
拡張団長,1
家系,1
過去帳,1
ガサ,1
かさっかき,1
片足,1
片親,1
片手落ち,1
片肺,1
片目,1
片端,1
がちゃ目,1
担ぎ屋,1
かったい,1
がっぷり四つ,1
カッペ,1
上方の贅六,1
借り腹,1
皮被り,1
皮切り,1
川向こう,1
河原乞食,1
看護婦,1
姦通,1
キ印,1
キチ,1
気違い,1
気違い沙汰,1
気違いに刃物,1
ぎっちょ,1
給仕,1
灸を据える,1
狂気,1
狂気の沙汰,1
狂女,1
狂人,1
漁夫,1
苦力,1
屑屋,1
愚鈍,1
首切り,1
汲み取り屋,1
狂う,1
クロ,1
黒んぼ,1
くわえ込む,1
クンニ,1
群盲象をなでる,1
芸人,1
ゲーセン,1
下女,1
血統,1
毛唐,1
下男,1
健全なる精神は健全なる身体に宿る,1
ゲンナマ,1
強姦,1
後進国,1
興信所,1
業病,1
鉱夫,1
工夫,1
坑夫,1
紅毛人,1
黒人,1
虚仮,1
孤児院,1
乞食,1
小僧,1
小使い,1
子供,1
小人,1
ゴミ屋,1
コロシ,1
魚屋,1
ザギン,1
サツ,1
サラ金,1
サラブレッド,1
三韓征伐,1
三国人,1
三助,1
産婆,1
色盲,1
支那,1
支那人,1
支那蕎麦,1
支那竹,1
支那料理,1
士農工商,1
ジプシー,1
自閉症児,1
シマ,1
地回り,1
ジャップ,1
ジャリ,1
ジュー,1
獣医,1
周旋屋,1
酋長,1
嬢,1
障害者,1
将棋倒しになる,1
情夫,1
情婦,1
女給,1
植物人間,1
女傑,1
女工,1
助産婦,1
処女作,1
処女峰,1
女中,1
職工,1
しらっこ,1
尻拭い,1
心障児,1
心障者,1
新平民,1
ズージャー,1
スケ,1
すけこまし,1
スチュワーデス,1
滑り止め,1
ずらかる,1
スラム,1
正妻,1
精神異常,1
精神分裂病,1
精薄,1
傴僂,1
鮮人,1
潜水夫,1
千摺り,1
線路工夫,1
掃除婦,1
掃除夫,1
雑役夫,1
育ちより氏,1
第三国,1
代書屋,1
台湾政府,1
台湾ハゲ,1
タケノコ医者,1
蛸部屋,1
タタキ,1
ダッチマン,1
玉袋筋太郎,1
他力本願,1
垂れ流す,1
知恵遅れ,1
近目,1
血筋,1
チビ,1
痴呆症,1
チャリンコ,1
チャンコロ,1
中共,1
朝鮮征伐,1
朝鮮人参,1
チョン,1
跛,1
釣り書き,1
連れ子,1
聾,1
聾桟敷,1
低開発国,1
低脳,1
低脳児,1
デカ,1
出稼ぎ,1
丁稚,1
出戻り,1
天才と狂人は紙一重,1
手ん棒,1
土方,1
特殊学級,1
特殊学校,1
,1
特殊部落,1
土建屋,1
土工,1
床屋,1
土左衛門,1
屠殺,1
屠殺場,1
屠殺人,1
どさ回り,1
土人,1
共稼ぎ,1
吃,1
ドヤ,1
ドヤ街,1
富山の三助,1
トルコ嬢,1
トルコ風呂,1
どん百姓,1
ナオン,1
南鮮,1
南部の鮭の鼻まがり,1
ニガー,1
ニグロ,1
二号,1
ニコヨン,1
日本のチベット,1
人足,1
人非人,1
人夫,1
猫糞,1
農夫,1
脳膜炎,1
ノビ,1
ハーフ,1
パーマ屋,1
馬鹿チョンカメラ,1
馬鹿でもチョンでも,1
白痴,1
パクる,1
馬喰,1
端女,1
肌色,1
バタ屋,1
発狂する,1
馬丁,1
パン助,1
番太,1
半島人,1
飯場,1
引かれ者,1
跛,1
非人,1
ヒモ,1
百姓,1
日雇い,1
貧農,1
醜男,1
不可触民,1
不具,1
父兄,1
不治の病,1
ブス,1
ブタ箱,1
ブツ,1
踏切番,1
ブラインドタッチ,1
部落,1
浮浪児,1
浮浪者,1
ペイ患,1
ペイ中,1
坊主,1
北鮮,1
ポコペン,1
保線工夫,1
ポッポー屋,1
保母,1
ポリ公,1
本腰を入れる,1
ぽん引き,1
ほんぼし,1
まえつき,1
魔女っ子,1
股に掛ける,1
町医者,1
マンコ,1
満州,1
未開人,1
未開発国,1
三つ口,1
身分,1
未亡人,1
身元調査,1
婿をとる,1
娘を片付ける,1
名門校,1
妾,1
盲,1
盲縞,1
盲判を押す,1
盲蛇に怖じず,1
盲滅法,1
めっかち,1
盲愛する,1
蒙古症,1
盲人,1
盲目,1
文盲,1
ヤー様,1
八百屋,1
役不足,1
やさぐれ,1
ヤバい,1
藪医者,1
藪睨み,1
ヤンキー,1
ヤンキー,1
郵便夫,1
郵便屋,1
養護,1
養老院,1
寄せ場,1
ヨツ,1
四つ足,1
四つ辻,1
嫁にやる,1
寄目,1
癩病,1
ルンペン,1
令嬢,1
レントゲン技師,1
老婆,1
労務者,1
露助,1
ロンパリ,1
